01121349270;Kowalczyk;Piotr
66060946461;Struœ;Paulina
41022318241;Kadaœ;Piotr
15112848002;Tygrys;Daria
93092419948;O³ówek;Klaudia
20120947487;Rumianek;Daria
92071142262;Bachara;Martyna
98071836882;Rumianek;Joanna
74041580355;Wróbel;Sebastian
06051882541;Kadaœ;Aleksanda
07120481687;B³aszczyk;Daria
41010719029;Kowalczyk;Konrad
66091563895;Jab³ko;Konrad
07072137588;Bachara;Katarzyna
87062862063;Abaszyn;Katarzyna
34102656276;Kachel;Jakub
94081930589;Bachara;Katarzyna
33101397418;Kaczmarek;Aleksanda
64011870603;Abarowicz;Konrad
26050773602;Brzoza;Marcin
67031457210;Deszczowiec;Aleksanda
25062241998;Trawa;Aleksander
99071777182;Rumianek;Jakub
81112843552;Kaduszko;Katarzyna
90090167828;Tygrys;Micha³
96091883011;Maksymowicz;Joanna
15102169696;Sosna;Joanna
81030453251;Ró¿a;Martyna
97072088069;Kaczka;Katarzyna
81032248981;Deszczowiec;Klaudia
06060296937;Deszczowiec;Mateusz
94050695138;Sosna;Marcin
76052358149;Kacprzak;Marcin
37051143781;Abarowicz;Anna
33062188179;Kaduszko;Daria
62070531109;Brzoza;Sebastian
42030274606;Kabela;Joanna
16051727434;O³ówek;Anna
54082752418;Kaczka;Natalia
58102710097;Struœ;Aleksanda
88081768802;Tygrys;Anna
95082347026;Kacprzak;Sebastian
68101837080;Kabela;Micha³
28071884950;Gêœ;Marcin
61070966807;Kacprzak;Paulina
60110386887;Maksymowicz;Jakub
93081311066;Trzciñska;Paula
14042288852;Ró¿a;Klaudia
